2025-12-03,00,32
2025-12-03,05,25
2025-12-03,06,53
2025-12-03,07,169
2025-12-03,08,256
2025-12-03,09,292
2025-12-03,10,347
2025-12-03,11,352
2025-12-03,12,235
2025-12-03,13,269
2025-12-03,14,256
2025-12-03,15,186
2025-12-03,16,190
2025-12-03,17,213
2025-12-03,18,205
2025-12-03,19,274
2025-12-03,20,356
2025-12-03,21,302
2025-12-03,22,303
2025-12-03,23,131
2025-12-04,00,28
2025-12-04,01,5
2025-12-04,05,10
2025-12-04,06,123
2025-12-04,07,240
2025-12-04,08,322
2025-12-04,09,355
2025-12-04,10,282
2025-12-04,11,244
2025-12-04,12,224
2025-12-04,13,280
2025-12-04,14,306
2025-12-04,15,321
2025-12-04,16,131
2025-12-04,17,144
2025-12-04,18,263
2025-12-04,19,364
2025-12-04,20,376
2025-12-04,21,420
2025-12-04,22,387
2025-12-04,23,353
2025-12-05,00,30
2025-12-05,04,48
2025-12-05,05,66
2025-12-05,06,60
2025-12-05,07,211
2025-12-05,08,359
2025-12-05,09,340
2025-12-05,10,329
2025-12-05,11,324
2025-12-05,12,195
2025-12-05,13,189
2025-12-05,14,315
2025-12-05,15,293
2025-12-05,16,141
2025-12-05,17,139
2025-12-05,18,168
2025-12-05,19,302
2025-12-05,20,445
2025-12-05,21,290
2025-12-05,22,227
2025-12-05,23,64
2025-12-06,00,25
2025-12-06,05,6
2025-12-06,06,143
2025-12-06,07,269
2025-12-06,08,324
2025-12-06,09,345
2025-12-06,10,390
2025-12-06,11,402
2025-12-06,12,210
2025-12-06,13,316
2025-12-06,14,343
2025-12-06,15,378
2025-12-06,16,125
2025-12-06,17,177
2025-12-06,18,284
2025-12-06,19,360
2025-12-06,20,415
2025-12-06,21,362
2025-12-06,22,376
2025-12-06,23,171
2025-12-07,05,18
2025-12-07,06,20
2025-12-07,07,187
2025-12-07,08,287
2025-12-07,09,367
2025-12-07,10,359
2025-12-07,11,414
2025-12-07,12,184
2025-12-07,13,251
2025-12-07,14,309
2025-12-07,15,214
2025-12-07,16,72
2025-12-07,17,196
2025-12-07,18,295
2025-12-07,19,340
2025-12-07,20,381
2025-12-07,21,407
2025-12-07,22,446
2025-12-07,23,402
2025-12-08,00,111
2025-12-08,01,6
2025-12-08,05,14
2025-12-08,06,124
2025-12-08,07,261
2025-12-08,08,332
2025-12-08,09,325
2025-12-08,10,342
2025-12-08,11,369
2025-12-08,12,287
2025-12-08,13,248
2025-12-08,14,339
2025-12-08,15,342
2025-12-08,16,272
2025-12-08,17,196
2025-12-08,18,218
2025-12-08,19,320
2025-12-08,20,392
2025-12-08,21,385
2025-12-08,22,301
2025-12-08,23,90
2025-12-09,00,59
2025-12-09,01,1
2025-12-09,04,1
2025-12-09,05,15
2025-12-09,06,99
2025-12-09,07,274
2025-12-09,08,334
2025-12-09,09,337
2025-12-09,10,367
2025-12-09,11,345
2025-12-09,12,193
2025-12-09,13,219
2025-12-09,14,358
2025-12-09,15,343
2025-12-09,16,264
2025-12-09,17,210
2025-12-09,18,298
2025-12-09,19,331
2025-12-09,20,377
2025-12-09,21,363
2025-12-09,22,369
2025-12-09,23,276
2025-12-10,00,50
2025-12-10,01,1
2025-12-10,05,11
2025-12-10,06,42
2025-12-10,07,249
2025-12-10,08,312
2025-12-10,09,373
2025-12-10,10,395
2025-12-10,11,351
2025-12-10,12,187
2025-12-10,13,183
2025-12-10,14,282
2025-12-10,15,193
2025-12-10,16,222
2025-12-10,17,187
2025-12-10,18,217
2025-12-10,19,311
2025-12-10,20,315
2025-12-10,21,404
2025-12-10,22,386
2025-12-10,23,245
2025-12-11,00,26
2025-12-11,01,4
2025-12-11,04,3
2025-12-11,05,9
2025-12-11,06,114
2025-12-11,07,243
2025-12-11,08,292
2025-12-11,09,342
2025-12-11,10,419
2025-12-11,11,335
2025-12-11,12,207
2025-12-11,13,296
2025-12-11,14,314
2025-12-11,15,335
2025-12-11,16,174
2025-12-11,17,108
2025-12-11,18,240
2025-12-11,19,359
2025-12-11,20,415
2025-12-11,21,397
2025-12-11,22,378
2025-12-11,23,394
2025-12-12,00,120
2025-12-12,05,12
2025-12-12,06,67
2025-12-12,07,216
2025-12-12,08,302
2025-12-12,09,332
2025-12-12,10,384
2025-12-12,11,347
2025-12-12,12,173
2025-12-12,13,242
2025-12-12,14,325
2025-12-12,15,311
2025-12-12,16,104
2025-12-12,17,164
2025-12-12,18,203
2025-12-12,19,282
2025-12-12,20,389
2025-12-12,21,448
2025-12-12,22,337
2025-12-12,23,88
2025-12-13,00,17
2025-12-13,01,3
2025-12-13,05,19
2025-12-13,06,116
2025-12-13,07,265
2025-12-13,08,294
2025-12-13,09,351
2025-12-13,10,390
2025-12-13,11,387
2025-12-13,12,278
2025-12-13,13,272
2025-12-13,14,375
2025-12-13,15,395
2025-12-13,16,195
2025-12-13,17,168
2025-12-13,18,231
2025-12-13,19,329
2025-12-13,20,426
2025-12-13,21,415
2025-12-13,22,450
2025-12-13,23,117
2025-12-14,05,14
2025-12-14,06,92
2025-12-14,07,258
2025-12-14,08,342
2025-12-14,09,364
2025-12-14,10,386
2025-12-14,11,394
2025-12-14,12,175
2025-12-14,13,245
2025-12-14,14,326
2025-12-14,15,224
2025-12-14,16,128
2025-12-14,17,172
2025-12-14,18,225
2025-12-14,19,353
2025-12-14,20,397
2025-12-14,21,449
2025-12-14,22,465
2025-12-14,23,386
2025-12-15,00,156
2025-12-15,01,2
2025-12-15,05,30
2025-12-15,06,79
2025-12-15,07,249
2025-12-15,08,327
2025-12-15,09,322
2025-12-15,10,393
2025-12-15,11,303
2025-12-15,12,168
2025-12-15,13,204
2025-12-15,14,341
2025-12-15,15,363
2025-12-15,16,210
2025-12-15,17,202
2025-12-15,18,262
2025-12-15,19,357
2025-12-15,20,387
2025-12-15,21,394
2025-12-15,22,401
2025-12-15,23,89
2025-12-16,00,37
2025-12-16,05,13
2025-12-16,06,128
2025-12-16,07,253
2025-12-16,08,315
2025-12-16,09,307
2025-12-16,10,431
2025-12-16,11,314
2025-12-16,12,215
2025-12-16,13,313
2025-12-16,14,349
2025-12-16,15,364
2025-12-16,16,115
2025-12-16,17,163
2025-12-16,18,292
2025-12-16,19,307
2025-12-16,20,434
2025-12-16,21,455
2025-12-16,22,377
2025-12-16,23,247
2025-12-17,00,61
2025-12-17,01,2
2025-12-17,04,1
2025-12-17,05,16
2025-12-17,06,66
2025-12-17,07,204
2025-12-17,08,339
2025-12-17,09,377
2025-12-17,10,349
2025-12-17,11,360
2025-12-17,12,260
2025-12-17,13,213
2025-12-17,14,227
2025-12-17,15,222
2025-12-17,16,240
2025-12-17,17,197
2025-12-17,18,185
2025-12-17,19,303
2025-12-17,20,418
2025-12-17,21,453
2025-12-17,22,415
2025-12-17,23,248
2025-12-18,00,51
2025-12-18,05,10
2025-12-18,06,118
2025-12-18,07,282
2025-12-18,08,338
2025-12-18,09,366
2025-12-18,10,327
2025-12-18,11,249
2025-12-18,12,224
2025-12-18,13,261
2025-12-18,14,326
2025-12-18,15,390
2025-12-18,16,142
2025-12-18,17,157
2025-12-18,18,235
2025-12-18,19,334
2025-12-18,20,397
2025-12-18,21,469
2025-12-18,22,416
2025-12-18,23,392
2025-12-19,00,72
2025-12-19,01,6
2025-12-19,05,8
2025-12-19,06,77
2025-12-19,07,224
2025-12-19,08,334
2025-12-19,09,344
2025-12-19,10,361
2025-12-19,11,318
2025-12-19,12,149
2025-12-19,13,238
2025-12-19,14,297
2025-12-19,15,337
2025-12-19,16,179
2025-12-19,17,172
2025-12-19,18,181
2025-12-19,19,357
2025-12-19,20,383
2025-12-19,21,459
2025-12-19,22,437
2025-12-19,23,243
2025-12-20,00,24
2025-12-20,01,5
2025-12-20,05,15
2025-12-20,06,76
2025-12-20,07,275
2025-12-20,08,357
2025-12-20,09,375
2025-12-20,10,450
2025-12-20,11,366
2025-12-20,12,288
2025-12-20,13,309
2025-12-20,14,334
2025-12-20,15,342
2025-12-20,16,266
2025-12-20,17,236
2025-12-20,18,226
2025-12-20,19,381
2025-12-20,20,392
2025-12-20,21,426
2025-12-20,22,415
2025-12-20,23,227
2025-12-21,05,15
2025-12-21,06,121
2025-12-21,07,297
2025-12-21,08,358
2025-12-21,09,399
2025-12-21,10,414
2025-12-21,11,393
2025-12-21,12,180
2025-12-21,13,238
2025-12-21,14,271
2025-12-21,15,242
2025-12-21,16,104
2025-12-21,17,175
2025-12-21,18,235
2025-12-21,19,336
2025-12-21,20,445
2025-12-21,21,409
2025-12-21,22,469
2025-12-21,23,386
2025-12-22,00,66
2025-12-22,01,6
2025-12-22,05,4
2025-12-22,06,87
2025-12-22,07,261
2025-12-22,08,327
2025-12-22,09,268
2025-12-22,10,339
2025-12-22,11,338
2025-12-22,12,202
2025-12-22,13,224
2025-12-22,14,362
2025-12-22,15,320
2025-12-22,16,149
2025-12-22,17,179
2025-12-22,18,134
2025-12-22,19,293
2025-12-22,20,322
2025-12-22,21,397
2025-12-22,22,385
2025-12-22,23,211
2025-12-23,00,33
2025-12-23,01,3
2025-12-23,05,22
2025-12-23,06,128
2025-12-23,07,302
2025-12-23,08,328
2025-12-23,09,346
2025-12-23,10,410
2025-12-23,11,278
2025-12-23,12,167
2025-12-23,13,310
2025-12-23,14,338
2025-12-23,15,404
2025-12-23,16,242
2025-12-23,17,159
2025-12-23,18,218
2025-12-23,19,360
2025-12-23,20,419
2025-12-23,21,424
2025-12-23,22,395
2025-12-23,23,329
2025-12-24,00,37
2025-12-24,01,5
2025-12-24,05,35
2025-12-24,06,78
2025-12-24,07,198
2025-12-24,08,317
2025-12-24,09,334
2025-12-24,10,371
2025-12-24,11,333
2025-12-24,12,173
2025-12-24,13,204
2025-12-24,14,262
2025-12-24,15,196
2025-12-24,16,256
2025-12-24,17,128
2025-12-24,18,208
2025-12-24,19,327
2025-12-24,20,455
2025-12-24,21,438
2025-12-24,22,259
2025-12-24,23,126
2025-12-25,00,31
2025-12-25,01,7
2025-12-25,05,19
2025-12-25,06,106
2025-12-25,07,280
2025-12-25,08,332
2025-12-25,09,341
2025-12-25,10,416
2025-12-25,11,283
2025-12-25,12,202
2025-12-25,13,341
2025-12-25,14,325
2025-12-25,15,325
2025-12-25,16,105
2025-12-25,17,139
2025-12-25,18,230
2025-12-25,19,369
2025-12-25,20,430
2025-12-25,21,382
2025-12-25,22,431
2025-12-25,23,437
2025-12-26,00,74
2025-12-26,01,2
2025-12-26,05,14
2025-12-26,06,75
2025-12-26,07,227
2025-12-26,08,298
2025-12-26,09,349
2025-12-26,10,384
2025-12-26,11,337
2025-12-26,12,118
2025-12-26,13,202
2025-12-26,14,374
2025-12-26,15,357
2025-12-26,16,158
2025-12-26,17,167
2025-12-26,18,204
2025-12-26,19,344
2025-12-26,20,428
2025-12-26,21,453
2025-12-26,22,392
2025-12-26,23,198
2025-12-27,00,41
2025-12-27,05,17
2025-12-27,06,131
2025-12-27,07,314
2025-12-27,08,369
2025-12-27,09,324
2025-12-27,10,387
2025-12-27,11,281
2025-12-27,12,228
2025-12-27,13,305
2025-12-27,14,358
2025-12-27,15,309
2025-12-27,16,255
2025-12-27,17,184
2025-12-27,18,271
2025-12-27,19,372
2025-12-27,20,444
2025-12-27,21,380
2025-12-27,22,496
2025-12-27,23,149
2025-12-28,00,3
2025-12-28,05,32
2025-12-28,06,126
2025-12-28,07,313
2025-12-28,08,368
2025-12-28,09,432
2025-12-28,10,432
2025-12-28,11,324
2025-12-28,12,143
2025-12-28,13,288
2025-12-28,14,290
2025-12-28,15,264
2025-12-28,16,122
2025-12-28,17,171
2025-12-28,18,240
2025-12-28,19,328
2025-12-28,20,448
2025-12-28,21,421
2025-12-28,22,464
2025-12-28,23,471
2025-12-29,00,196
2025-12-29,05,30
2025-12-29,06,75
2025-12-29,07,240
2025-12-29,08,317
2025-12-29,09,368
2025-12-29,10,335
2025-12-29,11,276
2025-12-29,12,141
2025-12-29,13,302
2025-12-29,14,381
2025-12-29,15,347
2025-12-29,16,178
2025-12-29,17,230
2025-12-29,18,227
2025-12-29,19,380
2025-12-29,20,463
2025-12-29,21,436
2025-12-29,22,393
2025-12-29,23,180
